Dependents,ApplicantIncome,CoapplicantIncome,LoanAmount,Loan_Amount_Term,Credit_History,Loan_Status,TotalIncome,Gender_Female,Gender_Male,Gender_Missing,Education_Graduate,Education_Not Graduate,Self_Employed_Missing,Self_Employed_No,Self_Employed_Yes,Property_Area_Rural,Property_Area_Semiurban,Property_Area_Urban
0.0,5849,0.0,146.41216216216216,360.0,1.0,1,5849.0,0,1,0,1,0,0,1,0,0,0,1
1.0,4583,1508.0,128.0,360.0,1.0,0,6091.0,0,1,0,1,0,0,1,0,1,0,0
0.0,3000,0.0,66.0,360.0,1.0,1,3000.0,0,1,0,1,0,0,0,1,0,0,1
0.0,2583,2358.0,120.0,360.0,1.0,1,4941.0,0,1,0,0,1,0,1,0,0,0,1
0.0,6000,0.0,141.0,360.0,1.0,1,6000.0,0,1,0,1,0,0,1,0,0,0,1
2.0,5417,4196.0,267.0,360.0,1.0,1,9613.0,0,1,0,1,0,0,0,1,0,0,1
0.0,2333,1516.0,95.0,360.0,1.0,1,3849.0,0,1,0,0,1,0,1,0,0,0,1
3.0,3036,2504.0,158.0,360.0,0.0,0,5540.0,0,1,0,1,0,0,1,0,0,1,0
2.0,4006,1526.0,168.0,360.0,1.0,1,5532.0,0,1,0,1,0,0,1,0,0,0,1
1.0,12841,10968.0,349.0,360.0,1.0,0,23809.0,0,1,0,1,0,0,1,0,0,1,0
2.0,3200,700.0,70.0,360.0,1.0,1,3900.0,0,1,0,1,0,0,1,0,0,0,1
2.0,2500,1840.0,109.0,360.0,1.0,1,4340.0,0,1,0,1,0,1,0,0,0,0,1
2.0,3073,8106.0,200.0,360.0,1.0,1,11179.0,0,1,0,1,0,0,1,0,0,0,1
0.0,1853,2840.0,114.0,360.0,1.0,0,4693.0,0,1,0,1,0,0,1,0,1,0,0
2.0,1299,1086.0,17.0,120.0,1.0,1,2385.0,0,1,0,1,0,0,1,0,0,0,1
0.0,4950,0.0,125.0,360.0,1.0,1,4950.0,0,1,0,1,0,0,1,0,0,0,1
0.0,3510,0.0,76.0,360.0,0.0,0,3510.0,1,0,0,1,0,0,1,0,0,0,1
0.0,4887,0.0,133.0,360.0,1.0,0,4887.0,0,1,0,0,1,0,1,0,1,0,0
0.0,2600,3500.0,115.0,360.0,1.0,1,6100.0,0,1,0,1,0,1,0,0,0,0,1
0.0,7660,0.0,104.0,360.0,0.0,0,7660.0,0,1,0,0,1,0,1,0,0,0,1
1.0,5955,5625.0,315.0,360.0,1.0,1,11580.0,0,1,0,1,0,0,1,0,0,0,1
0.0,2600,1911.0,116.0,360.0,0.0,0,4511.0,0,1,0,0,1,0,1,0,0,1,0
2.0,3365,1917.0,112.0,360.0,0.0,0,5282.0,0,0,1,0,1,0,1,0,1,0,0
0.0,9560,0.0,191.0,360.0,1.0,1,9560.0,0,1,0,1,0,0,0,1,0,1,0
0.0,2799,2253.0,122.0,360.0,1.0,1,5052.0,0,1,0,1,0,0,1,0,0,1,0
2.0,4226,1040.0,110.0,360.0,1.0,1,5266.0,0,1,0,0,1,0,1,0,0,0,1
0.0,1442,0.0,35.0,360.0,1.0,0,1442.0,0,1,0,0,1,0,1,0,0,0,1
2.0,3750,2083.0,120.0,360.0,1.0,1,5833.0,1,0,0,1,0,1,0,0,0,1,0
0.0,3167,0.0,74.0,360.0,1.0,0,3167.0,0,1,0,1,0,0,1,0,0,0,1
1.0,4692,0.0,106.0,360.0,1.0,0,4692.0,0,1,0,1,0,0,0,1,1,0,0
0.0,3500,1667.0,114.0,360.0,1.0,1,5167.0,0,1,0,1,0,0,1,0,0,1,0
3.0,12500,3000.0,320.0,360.0,1.0,0,15500.0,0,1,0,1,0,0,1,0,1,0,0
0.0,2275,2067.0,146.41216216216216,360.0,1.0,1,4342.0,0,1,0,1,0,0,1,0,0,0,1
0.0,1828,1330.0,100.0,360.0,0.0,0,3158.0,0,1,0,1,0,0,1,0,0,0,1
0.0,3667,1459.0,144.0,360.0,1.0,1,5126.0,1,0,0,1,0,0,1,0,0,1,0
0.0,4166,7210.0,184.0,360.0,1.0,1,11376.0,0,1,0,1,0,0,1,0,0,0,1
0.0,3748,1668.0,110.0,360.0,1.0,1,5416.0,0,1,0,0,1,0,1,0,0,1,0
0.0,3600,0.0,80.0,360.0,1.0,0,3600.0,0,1,0,1,0,0,1,0,0,0,1
0.0,1800,1213.0,47.0,360.0,1.0,1,3013.0,0,1,0,1,0,0,1,0,0,0,1
0.0,3941,2336.0,134.0,360.0,1.0,1,6277.0,0,1,0,1,0,0,1,0,0,1,0
0.0,4695,0.0,96.0,360.0,1.0,1,4695.0,0,1,0,0,1,0,0,1,0,0,1
0.0,3410,0.0,88.0,360.0,1.0,1,3410.0,1,0,0,1,0,0,1,0,0,0,1
1.0,5649,0.0,44.0,360.0,1.0,1,5649.0,0,1,0,1,0,0,1,0,0,0,1
0.0,5821,0.0,144.0,360.0,1.0,1,5821.0,0,1,0,1,0,0,1,0,0,0,1
0.0,2645,3440.0,120.0,360.0,0.0,0,6085.0,1,0,0,1,0,0,1,0,0,0,1
0.0,4000,2275.0,144.0,360.0,1.0,1,6275.0,1,0,0,1,0,0,1,0,0,1,0
0.0,1928,1644.0,100.0,360.0,1.0,1,3572.0,1,0,0,0,1,0,1,0,0,1,0
0.0,3086,0.0,120.0,360.0,1.0,1,3086.0,1,0,0,1,0,0,1,0,0,1,0
0.0,4230,0.0,112.0,360.0,1.0,0,4230.0,1,0,0,1,0,0,1,0,0,1,0
2.0,4616,0.0,134.0,360.0,1.0,0,4616.0,0,1,0,1,0,0,1,0,0,0,1
1.0,11500,0.0,286.0,360.0,0.0,0,11500.0,1,0,0,1,0,0,0,1,0,0,1
2.0,2708,1167.0,97.0,360.0,1.0,1,3875.0,0,1,0,1,0,0,1,0,0,1,0
0.0,2132,1591.0,96.0,360.0,1.0,1,3723.0,0,1,0,1,0,0,1,0,0,1,0
0.0,3366,2200.0,135.0,360.0,1.0,0,5566.0,0,1,0,1,0,0,1,0,1,0,0
1.0,8080,2250.0,180.0,360.0,1.0,1,10330.0,0,1,0,1,0,0,1,0,0,0,1
2.0,3357,2859.0,144.0,360.0,1.0,1,6216.0,0,1,0,0,1,0,1,0,0,0,1
0.0,2500,3796.0,120.0,360.0,1.0,1,6296.0,0,1,0,1,0,0,1,0,0,0,1
3.0,3029,0.0,99.0,360.0,1.0,1,3029.0,0,1,0,1,0,0,1,0,0,0,1
0.0,2609,3449.0,165.0,180.0,0.0,0,6058.0,0,1,0,0,1,0,0,1,1,0,0
1.0,4945,0.0,146.41216216216216,360.0,0.0,0,4945.0,0,1,0,1,0,0,1,0,1,0,0
0.0,4166,0.0,116.0,360.0,0.0,0,4166.0,1,0,0,1,0,0,1,0,0,1,0
0.0,5726,4595.0,258.0,360.0,1.0,0,10321.0,0,1,0,1,0,0,1,0,0,1,0
0.0,3200,2254.0,126.0,180.0,0.0,0,5454.0,0,1,0,0,1,0,1,0,0,0,1
1.0,10750,0.0,312.0,360.0,1.0,1,10750.0,0,1,0,1,0,0,1,0,0,0,1
3.0,7100,0.0,125.0,60.0,1.0,1,7100.0,0,1,0,0,1,0,0,1,0,0,1
0.0,4300,0.0,136.0,360.0,0.0,0,4300.0,1,0,0,1,0,0,1,0,0,1,0
0.0,3208,3066.0,172.0,360.0,1.0,1,6274.0,0,1,0,1,0,0,1,0,0,0,1
2.0,1875,1875.0,97.0,360.0,1.0,1,3750.0,0,1,0,0,1,0,0,1,0,1,0
0.0,3500,0.0,81.0,300.0,1.0,1,3500.0,0,1,0,1,0,0,1,0,0,1,0
3.0,4755,0.0,95.0,360.0,0.0,0,4755.0,0,1,0,0,1,0,1,0,0,1,0
3.0,5266,1774.0,187.0,360.0,1.0,1,7040.0,0,1,0,1,0,0,0,1,0,1,0
0.0,3750,0.0,113.0,480.0,1.0,0,3750.0,0,1,0,1,0,0,1,0,0,0,1
0.0,3750,4750.0,176.0,360.0,1.0,0,8500.0,0,1,0,1,0,0,1,0,0,0,1
1.0,1000,3022.0,110.0,360.0,1.0,0,4022.0,0,1,0,1,0,0,0,1,0,0,1
3.0,3167,4000.0,180.0,300.0,0.0,0,7167.0,0,1,0,1,0,0,1,0,0,1,0
0.0,3846,0.0,111.0,360.0,1.0,1,3846.0,1,0,0,1,0,0,1,0,0,1,0
1.0,2395,0.0,146.41216216216216,360.0,1.0,1,2395.0,0,1,0,1,0,0,0,1,0,1,0
2.0,1378,1881.0,167.0,360.0,1.0,0,3259.0,1,0,0,1,0,0,1,0,0,0,1
1.0,3988,0.0,50.0,240.0,1.0,1,3988.0,0,1,0,1,0,0,1,0,0,0,1
0.0,2366,2531.0,136.0,360.0,1.0,1,4897.0,0,1,0,1,0,0,1,0,0,1,0
0.0,2500,2118.0,104.0,360.0,1.0,1,4618.0,0,1,0,1,0,0,1,0,0,1,0
0.0,8566,0.0,210.0,360.0,1.0,1,8566.0,0,1,0,1,0,0,1,0,0,0,1
0.0,5695,4167.0,175.0,360.0,1.0,1,9862.0,0,1,0,1,0,0,1,0,0,1,0
0.0,2958,2900.0,131.0,360.0,1.0,1,5858.0,0,1,0,1,0,0,1,0,0,1,0
2.0,6250,5654.0,188.0,180.0,1.0,1,11904.0,0,1,0,1,0,0,1,0,0,1,0
2.0,3273,1820.0,81.0,360.0,1.0,1,5093.0,0,1,0,0,1,0,1,0,0,0,1
0.0,4133,0.0,122.0,360.0,1.0,1,4133.0,0,1,0,1,0,0,1,0,0,1,0
0.0,3620,0.0,25.0,120.0,1.0,1,3620.0,0,1,0,0,1,0,1,0,0,1,0
0.0,2484,2302.0,137.0,360.0,1.0,1,4786.0,1,0,0,1,0,0,1,0,0,1,0
0.0,1977,997.0,50.0,360.0,1.0,1,2974.0,0,1,0,1,0,0,1,0,0,1,0
0.0,4188,0.0,115.0,180.0,1.0,1,4188.0,0,1,0,0,1,0,1,0,0,1,0
0.0,1759,3541.0,131.0,360.0,1.0,1,5300.0,0,1,0,1,0,0,1,0,0,1,0
2.0,4288,3263.0,133.0,180.0,1.0,1,7551.0,0,1,0,0,1,0,1,0,0,0,1
0.0,4843,3806.0,151.0,360.0,1.0,1,8649.0,0,1,0,1,0,0,1,0,0,1,0
0.0,13650,0.0,146.41216216216216,360.0,1.0,1,13650.0,0,1,0,1,0,0,1,0,0,0,1
0.0,4652,3583.0,146.41216216216216,360.0,1.0,1,8235.0,0,1,0,1,0,0,1,0,0,1,0
0.0,3816,754.0,160.0,360.0,1.0,1,4570.0,0,1,0,1,0,0,1,0,0,0,1
1.0,3052,1030.0,100.0,360.0,1.0,1,4082.0,0,1,0,1,0,0,1,0,0,0,1
2.0,11417,1126.0,225.0,360.0,1.0,1,12543.0,0,1,0,1,0,0,1,0,0,0,1
0.0,7333,0.0,120.0,360.0,1.0,0,7333.0,0,1,0,0,1,1,0,0,1,0,0
2.0,3800,3600.0,216.0,360.0,0.0,0,7400.0,0,1,0,1,0,0,1,0,0,0,1
3.0,2071,754.0,94.0,480.0,1.0,1,2825.0,0,1,0,0,1,0,1,0,0,1,0
0.0,5316,0.0,136.0,360.0,1.0,1,5316.0,0,1,0,1,0,0,1,0,0,0,1
0.0,2929,2333.0,139.0,360.0,1.0,1,5262.0,1,0,0,1,0,1,0,0,0,1,0
0.0,3572,4114.0,152.0,360.0,0.0,0,7686.0,0,1,0,0,1,0,1,0,1,0,0
1.0,7451,0.0,146.41216216216216,360.0,1.0,1,7451.0,1,0,0,1,0,0,0,1,0,1,0
0.0,5050,0.0,118.0,360.0,1.0,1,5050.0,0,1,0,1,0,1,0,0,0,1,0
1.0,14583,0.0,185.0,180.0,1.0,1,14583.0,0,1,0,1,0,0,1,0,1,0,0
0.0,3167,2283.0,154.0,360.0,1.0,1,5450.0,1,0,0,1,0,0,1,0,0,1,0
0.0,5568,2142.0,175.0,360.0,1.0,0,7710.0,0,1,0,1,0,0,1,0,1,0,0
0.0,10408,0.0,259.0,360.0,1.0,1,10408.0,1,0,0,1,0,0,1,0,0,0,1
0.0,5667,2667.0,180.0,360.0,1.0,1,8334.0,0,1,0,1,0,0,1,0,1,0,0
0.0,4166,0.0,44.0,360.0,1.0,1,4166.0,1,0,0,1,0,0,1,0,0,1,0
0.0,2137,8980.0,137.0,360.0,0.0,1,11117.0,1,0,0,1,0,0,1,0,0,1,0
2.0,2957,0.0,81.0,360.0,1.0,1,2957.0,0,1,0,1,0,0,1,0,0,1,0
0.0,4300,2014.0,194.0,360.0,1.0,1,6314.0,0,1,0,0,1,0,1,0,1,0,0
3.0,23803,0.0,370.0,360.0,1.0,1,23803.0,0,0,1,1,0,0,1,0,1,0,0
0.0,3865,1640.0,146.41216216216216,360.0,1.0,1,5505.0,0,1,0,1,0,0,1,0,1,0,0
1.0,10513,3850.0,160.0,180.0,0.0,0,14363.0,0,1,0,1,0,0,0,1,0,0,1
0.0,2014,1929.0,74.0,360.0,1.0,1,3943.0,0,1,0,1,0,0,1,0,0,0,1
0.0,2718,0.0,70.0,360.0,1.0,1,2718.0,0,1,0,1,0,0,1,0,0,1,0
0.0,3459,0.0,25.0,120.0,1.0,1,3459.0,0,1,0,1,0,0,0,1,0,1,0
0.0,4895,0.0,102.0,360.0,1.0,1,4895.0,0,1,0,1,0,0,1,0,0,1,0
3.0,4000,7750.0,290.0,360.0,1.0,0,11750.0,0,1,0,1,0,0,1,0,0,1,0
0.0,4583,0.0,84.0,360.0,1.0,0,4583.0,1,0,0,1,0,0,1,0,1,0,0
2.0,3316,3500.0,88.0,360.0,1.0,1,6816.0,0,1,0,1,0,0,0,1,0,0,1
0.0,14999,0.0,242.0,360.0,0.0,0,14999.0,0,1,0,1,0,0,1,0,0,1,0
2.0,4200,1430.0,129.0,360.0,1.0,0,5630.0,0,1,0,0,1,0,1,0,1,0,0
2.0,5042,2083.0,185.0,360.0,1.0,0,7125.0,0,1,0,1,0,0,1,0,1,0,0
0.0,5417,0.0,168.0,360.0,1.0,1,5417.0,0,1,0,1,0,0,1,0,0,0,1
0.0,6950,0.0,175.0,180.0,1.0,1,6950.0,0,1,0,1,0,0,0,1,0,1,0
0.0,2698,2034.0,122.0,360.0,1.0,1,4732.0,0,1,0,1,0,0,1,0,0,1,0
2.0,11757,0.0,187.0,180.0,1.0,1,11757.0,0,1,0,1,0,0,1,0,0,0,1
0.0,2330,4486.0,100.0,360.0,1.0,1,6816.0,1,0,0,1,0,0,1,0,0,1,0
2.0,14866,0.0,70.0,360.0,1.0,1,14866.0,1,0,0,1,0,0,1,0,0,0,1
1.0,1538,1425.0,30.0,360.0,1.0,1,2963.0,0,1,0,1,0,0,1,0,0,0,1
0.0,10000,1666.0,225.0,360.0,1.0,0,11666.0,1,0,0,1,0,0,1,0,1,0,0
0.0,4860,830.0,125.0,360.0,1.0,1,5690.0,0,1,0,1,0,0,1,0,0,1,0
0.0,6277,0.0,118.0,360.0,0.0,0,6277.0,0,1,0,1,0,0,1,0,1,0,0
0.0,2577,3750.0,152.0,360.0,1.0,1,6327.0,0,1,0,1,0,0,0,1,1,0,0
0.0,9166,0.0,244.0,360.0,1.0,0,9166.0,0,1,0,1,0,0,1,0,0,0,1
2.0,2281,0.0,113.0,360.0,1.0,0,2281.0,0,1,0,0,1,0,1,0,1,0,0
0.0,3254,0.0,50.0,360.0,1.0,1,3254.0,0,1,0,1,0,0,1,0,0,0,1
3.0,39999,0.0,600.0,180.0,0.0,1,39999.0,0,1,0,1,0,0,1,0,0,1,0
1.0,9538,0.0,187.0,360.0,1.0,1,9538.0,0,1,0,1,0,0,1,0,0,0,1
0.0,2980,2083.0,120.0,360.0,1.0,1,5063.0,0,1,0,1,0,1,0,0,1,0,0
0.0,4583,5625.0,255.0,360.0,1.0,1,10208.0,0,1,0,1,0,0,1,0,0,1,0
0.0,1863,1041.0,98.0,360.0,1.0,1,2904.0,0,1,0,0,1,0,1,0,0,1,0
0.0,7933,0.0,275.0,360.0,1.0,0,7933.0,0,1,0,1,0,0,1,0,0,0,1
1.0,3089,1280.0,121.0,360.0,0.0,0,4369.0,0,1,0,1,0,0,1,0,0,1,0
2.0,4167,1447.0,158.0,360.0,1.0,1,5614.0,0,1,0,1,0,0,1,0,1,0,0
0.0,9323,0.0,75.0,180.0,1.0,1,9323.0,0,1,0,1,0,0,1,0,0,0,1
0.0,3707,3166.0,182.0,360.0,1.0,1,6873.0,0,1,0,1,0,0,1,0,1,0,0
0.0,4583,0.0,112.0,360.0,1.0,0,4583.0,1,0,0,1,0,0,1,0,1,0,0
0.0,2439,3333.0,129.0,360.0,1.0,1,5772.0,0,1,0,1,0,0,1,0,1,0,0
0.0,2237,0.0,63.0,480.0,0.0,0,2237.0,0,1,0,1,0,0,1,0,0,1,0
2.0,8000,0.0,200.0,360.0,1.0,1,8000.0,0,1,0,1,0,0,1,0,0,1,0
0.0,1820,1769.0,95.0,360.0,1.0,1,3589.0,0,1,0,0,1,1,0,0,1,0,0
3.0,51763,0.0,700.0,300.0,1.0,1,51763.0,0,0,1,1,0,0,1,0,0,0,1
3.0,3522,0.0,81.0,180.0,1.0,0,3522.0,0,1,0,0,1,0,1,0,1,0,0
0.0,5708,5625.0,187.0,360.0,1.0,1,11333.0,0,1,0,1,0,0,1,0,0,1,0
0.0,4344,736.0,87.0,360.0,1.0,0,5080.0,0,1,0,0,1,0,0,1,0,1,0
0.0,3497,1964.0,116.0,360.0,1.0,1,5461.0,0,1,0,1,0,0,1,0,1,0,0
2.0,2045,1619.0,101.0,360.0,1.0,1,3664.0,0,1,0,1,0,0,1,0,1,0,0
3.0,5516,11300.0,495.0,360.0,0.0,0,16816.0,0,1,0,1,0,0,1,0,0,1,0
1.0,3750,0.0,116.0,360.0,1.0,1,3750.0,0,1,0,1,0,0,1,0,0,1,0
0.0,2333,1451.0,102.0,480.0,0.0,0,3784.0,0,1,0,0,1,0,1,0,0,0,1
1.0,6400,7250.0,180.0,360.0,0.0,0,13650.0,0,1,0,1,0,0,1,0,0,0,1
0.0,4600,0.0,73.0,180.0,1.0,1,4600.0,0,1,0,1,0,0,1,0,0,1,0
1.0,33846,0.0,260.0,360.0,1.0,0,33846.0,0,1,0,1,0,0,1,0,0,1,0
0.0,3625,0.0,108.0,360.0,1.0,1,3625.0,1,0,0,1,0,0,1,0,0,1,0
0.0,39147,4750.0,120.0,360.0,1.0,1,43897.0,0,1,0,1,0,0,0,1,0,1,0
1.0,2178,0.0,66.0,300.0,0.0,0,2178.0,0,1,0,1,0,0,0,1,1,0,0
0.0,674,5296.0,168.0,360.0,1.0,1,5970.0,0,0,1,1,0,0,0,1,1,0,0
0.0,9328,0.0,188.0,180.0,1.0,1,9328.0,0,1,0,1,0,0,1,0,1,0,0
0.0,4885,0.0,48.0,360.0,1.0,1,4885.0,0,1,0,0,1,0,1,0,1,0,0
0.0,12000,0.0,164.0,360.0,1.0,0,12000.0,0,1,0,1,0,0,1,0,0,1,0
0.0,6033,0.0,160.0,360.0,1.0,0,6033.0,0,1,0,0,1,0,1,0,0,0,1
0.0,3858,0.0,76.0,360.0,1.0,1,3858.0,0,1,0,1,0,0,1,0,0,1,0
0.0,4191,0.0,120.0,360.0,1.0,1,4191.0,0,1,0,1,0,0,1,0,1,0,0
1.0,3125,2583.0,170.0,360.0,1.0,0,5708.0,0,1,0,1,0,0,1,0,0,1,0
0.0,8333,3750.0,187.0,360.0,1.0,1,12083.0,0,1,0,1,0,0,1,0,1,0,0
0.0,1907,2365.0,120.0,360.0,1.0,1,4272.0,1,0,0,0,1,0,1,0,0,0,1
0.0,11000,0.0,83.0,360.0,1.0,0,11000.0,0,1,0,1,0,0,0,1,0,0,1
1.0,2600,2500.0,90.0,360.0,1.0,1,5100.0,0,1,0,0,1,0,1,0,0,1,0
2.0,4923,0.0,166.0,360.0,0.0,1,4923.0,0,1,0,1,0,0,1,0,0,1,0
3.0,3992,0.0,146.41216216216216,180.0,1.0,0,3992.0,0,1,0,0,1,0,1,0,0,0,1
1.0,3500,1083.0,135.0,360.0,1.0,1,4583.0,0,1,0,0,1,0,1,0,0,0,1
2.0,3917,0.0,124.0,360.0,1.0,1,3917.0,0,1,0,0,1,0,1,0,0,1,0
0.0,4408,0.0,120.0,360.0,1.0,1,4408.0,1,0,0,0,1,0,1,0,0,1,0
0.0,3244,0.0,80.0,360.0,1.0,1,3244.0,1,0,0,1,0,0,1,0,0,0,1
0.0,3975,2531.0,55.0,360.0,1.0,1,6506.0,0,1,0,0,1,0,1,0,1,0,0
0.0,2479,0.0,59.0,360.0,1.0,1,2479.0,0,1,0,1,0,0,1,0,0,0,1
0.0,3418,0.0,127.0,360.0,1.0,0,3418.0,0,1,0,1,0,0,1,0,0,1,0
0.0,10000,0.0,214.0,360.0,1.0,0,10000.0,1,0,0,1,0,0,1,0,0,1,0
3.0,3430,1250.0,128.0,360.0,0.0,0,4680.0,0,1,0,1,0,0,1,0,0,1,0
1.0,7787,0.0,240.0,360.0,1.0,1,7787.0,0,1,0,1,0,0,0,1,0,0,1
3.0,5703,0.0,130.0,360.0,1.0,1,5703.0,0,1,0,0,1,0,0,1,1,0,0
0.0,3173,3021.0,137.0,360.0,1.0,1,6194.0,0,1,0,1,0,0,1,0,0,0,1
3.0,3850,983.0,100.0,360.0,1.0,1,4833.0,0,1,0,0,1,0,1,0,0,1,0
0.0,150,1800.0,135.0,360.0,1.0,0,1950.0,0,1,0,1,0,0,1,0,1,0,0
0.0,3727,1775.0,131.0,360.0,1.0,1,5502.0,0,1,0,1,0,0,1,0,0,1,0
2.0,5000,0.0,72.0,360.0,0.0,0,5000.0,0,1,0,1,0,1,0,0,0,1,0
0.0,2221,0.0,60.0,360.0,0.0,0,2221.0,0,1,0,1,0,0,1,0,0,0,1
2.0,4009,1717.0,116.0,360.0,1.0,1,5726.0,0,1,0,1,0,0,1,0,0,1,0
0.0,2971,2791.0,144.0,360.0,1.0,1,5762.0,0,1,0,1,0,0,1,0,0,1,0
0.0,7578,1010.0,175.0,360.0,1.0,1,8588.0,0,1,0,1,0,0,1,0,0,1,0
0.0,6250,0.0,128.0,360.0,1.0,1,6250.0,0,1,0,1,0,0,1,0,0,1,0
0.0,3250,0.0,170.0,360.0,1.0,0,3250.0,0,1,0,1,0,0,1,0,1,0,0
0.0,4735,0.0,138.0,360.0,1.0,0,4735.0,0,1,0,0,1,0,0,1,0,0,1
2.0,6250,1695.0,210.0,360.0,1.0,1,7945.0,0,1,0,1,0,0,1,0,0,1,0
0.0,4758,0.0,158.0,480.0,1.0,1,4758.0,0,1,0,1,0,0,1,0,0,1,0
0.0,6400,0.0,200.0,360.0,1.0,1,6400.0,0,1,0,1,0,0,0,1,1,0,0
1.0,2491,2054.0,104.0,360.0,1.0,1,4545.0,0,1,0,1,0,0,1,0,0,1,0
0.0,3716,0.0,42.0,180.0,1.0,1,3716.0,0,1,0,1,0,1,0,0,1,0,0
0.0,3189,2598.0,120.0,360.0,1.0,1,5787.0,0,1,0,0,1,0,1,0,1,0,0
0.0,8333,0.0,280.0,360.0,1.0,1,8333.0,1,0,0,1,0,0,1,0,0,1,0
1.0,3155,1779.0,140.0,360.0,1.0,1,4934.0,0,1,0,1,0,0,1,0,0,1,0
1.0,5500,1260.0,170.0,360.0,1.0,1,6760.0,0,1,0,1,0,0,1,0,1,0,0
1.0,3812,0.0,112.0,360.0,1.0,1,3812.0,1,0,0,1,0,0,1,0,1,0,0
1.0,3315,0.0,96.0,360.0,1.0,1,3315.0,0,1,0,1,0,0,1,0,0,1,0
2.0,5819,5000.0,120.0,360.0,1.0,1,10819.0,0,1,0,1,0,0,1,0,1,0,0
1.0,2510,1983.0,140.0,180.0,1.0,0,4493.0,0,1,0,0,1,0,1,0,0,0,1
0.0,2965,5701.0,155.0,60.0,1.0,1,8666.0,0,1,0,1,0,0,1,0,0,0,1
2.0,6250,1300.0,108.0,360.0,1.0,1,7550.0,0,1,0,1,0,0,0,1,1,0,0
0.0,3406,4417.0,123.0,360.0,1.0,1,7823.0,0,1,0,0,1,0,1,0,0,1,0
0.0,6050,4333.0,120.0,180.0,1.0,0,10383.0,0,1,0,1,0,0,0,1,0,0,1
2.0,9703,0.0,112.0,360.0,1.0,1,9703.0,0,1,0,1,0,0,1,0,0,0,1
1.0,6608,0.0,137.0,180.0,1.0,1,6608.0,0,1,0,0,1,0,1,0,0,0,1
1.0,2882,1843.0,123.0,480.0,1.0,1,4725.0,0,1,0,1,0,0,1,0,0,1,0
0.0,1809,1868.0,90.0,360.0,1.0,1,3677.0,0,1,0,1,0,0,1,0,0,0,1
0.0,1668,3890.0,201.0,360.0,0.0,0,5558.0,0,1,0,0,1,0,1,0,0,1,0
2.0,3427,0.0,138.0,360.0,1.0,0,3427.0,1,0,0,1,0,0,1,0,0,0,1
0.0,2583,2167.0,104.0,360.0,1.0,1,4750.0,0,1,0,0,1,0,0,1,1,0,0
1.0,2661,7101.0,279.0,180.0,1.0,1,9762.0,0,1,0,0,1,0,1,0,0,1,0
0.0,16250,0.0,192.0,360.0,0.0,0,16250.0,0,1,0,1,0,0,0,1,0,0,1
3.0,3083,0.0,255.0,360.0,1.0,1,3083.0,1,0,0,1,0,0,1,0,1,0,0
0.0,6045,0.0,115.0,360.0,0.0,0,6045.0,0,1,0,0,1,0,1,0,1,0,0
3.0,5250,0.0,94.0,360.0,1.0,0,5250.0,0,1,0,1,0,0,1,0,0,0,1
0.0,14683,2100.0,304.0,360.0,1.0,0,16783.0,0,1,0,1,0,0,1,0,1,0,0
0.0,2060,2209.0,134.0,360.0,1.0,1,4269.0,0,1,0,1,0,0,1,0,0,1,0
1.0,3481,0.0,155.0,36.0,1.0,0,3481.0,1,0,0,1,0,0,1,0,0,1,0
0.0,7200,0.0,120.0,360.0,1.0,1,7200.0,1,0,0,1,0,0,1,0,1,0,0
0.0,5166,0.0,128.0,360.0,1.0,1,5166.0,0,1,0,1,0,0,0,1,0,1,0
0.0,4095,3447.0,151.0,360.0,1.0,1,7542.0,0,1,0,1,0,0,1,0,1,0,0
2.0,4708,1387.0,150.0,360.0,1.0,1,6095.0,0,1,0,1,0,0,1,0,0,1,0
3.0,4333,1811.0,160.0,360.0,0.0,1,6144.0,0,1,0,1,0,0,1,0,0,0,1
0.0,3418,0.0,135.0,360.0,1.0,0,3418.0,1,0,0,1,0,1,0,0,1,0,0
1.0,2876,1560.0,90.0,360.0,1.0,1,4436.0,1,0,0,1,0,0,1,0,0,0,1
0.0,3237,0.0,30.0,360.0,1.0,1,3237.0,1,0,0,1,0,0,1,0,0,0,1
0.0,11146,0.0,136.0,360.0,1.0,1,11146.0,0,1,0,1,0,0,1,0,0,0,1
0.0,2833,1857.0,126.0,360.0,1.0,1,4690.0,0,1,0,1,0,0,1,0,1,0,0
0.0,2620,2223.0,150.0,360.0,1.0,1,4843.0,0,1,0,1,0,0,1,0,0,1,0
2.0,3900,0.0,90.0,360.0,1.0,1,3900.0,0,1,0,1,0,0,1,0,0,1,0
1.0,2750,1842.0,115.0,360.0,1.0,1,4592.0,0,1,0,1,0,0,1,0,0,1,0
0.0,3993,3274.0,207.0,360.0,1.0,1,7267.0,0,1,0,1,0,0,1,0,0,1,0
0.0,3103,1300.0,80.0,360.0,1.0,1,4403.0,0,1,0,1,0,0,1,0,0,0,1
0.0,14583,0.0,436.0,360.0,1.0,1,14583.0,0,1,0,1,0,0,1,0,0,1,0
1.0,4053,2426.0,158.0,360.0,0.0,0,6479.0,0,1,0,0,1,0,0,1,0,0,1
0.0,3927,800.0,112.0,360.0,1.0,1,4727.0,0,1,0,1,0,0,1,0,0,1,0
2.0,2301,985.7999877999997,78.0,180.0,1.0,1,3286.7999878,0,1,0,1,0,0,1,0,0,0,1
0.0,1811,1666.0,54.0,360.0,1.0,1,3477.0,1,0,0,1,0,0,1,0,0,0,1
0.0,20667,0.0,146.41216216216216,360.0,1.0,0,20667.0,0,1,0,1,0,0,1,0,1,0,0
0.0,3158,3053.0,89.0,360.0,1.0,1,6211.0,0,1,0,1,0,0,1,0,1,0,0
0.0,2600,1717.0,99.0,300.0,1.0,0,4317.0,1,0,0,1,0,0,0,1,0,1,0
0.0,3704,2000.0,120.0,360.0,1.0,1,5704.0,0,1,0,1,0,0,1,0,1,0,0
0.0,4124,0.0,115.0,360.0,1.0,1,4124.0,1,0,0,1,0,0,1,0,0,1,0
0.0,9508,0.0,187.0,360.0,1.0,1,9508.0,0,1,0,1,0,0,1,0,1,0,0
0.0,3075,2416.0,139.0,360.0,1.0,1,5491.0,0,1,0,1,0,0,1,0,1,0,0
2.0,4400,0.0,127.0,360.0,0.0,0,4400.0,0,1,0,1,0,0,1,0,0,1,0
2.0,3153,1560.0,134.0,360.0,1.0,1,4713.0,0,1,0,1,0,0,1,0,0,0,1
0.0,5417,0.0,143.0,480.0,0.0,0,5417.0,1,0,0,1,0,0,1,0,0,0,1
0.0,2383,3334.0,172.0,360.0,1.0,1,5717.0,0,1,0,1,0,0,1,0,0,1,0
3.0,4416,1250.0,110.0,360.0,1.0,1,5666.0,0,1,0,1,0,1,0,0,0,0,1
1.0,6875,0.0,200.0,360.0,1.0,1,6875.0,0,1,0,1,0,0,1,0,0,1,0
1.0,4666,0.0,135.0,360.0,1.0,1,4666.0,1,0,0,1,0,0,1,0,0,0,1
0.0,5000,2541.0,151.0,480.0,1.0,0,7541.0,1,0,0,1,0,0,1,0,1,0,0
1.0,2014,2925.0,113.0,360.0,1.0,0,4939.0,0,1,0,1,0,0,1,0,0,0,1
0.0,1800,2934.0,93.0,360.0,0.0,0,4734.0,0,1,0,0,1,0,1,0,0,0,1
0.0,2875,1750.0,105.0,360.0,1.0,1,4625.0,0,1,0,0,1,0,1,0,0,1,0
0.0,5000,0.0,132.0,360.0,1.0,1,5000.0,1,0,0,1,0,0,1,0,1,0,0
1.0,1625,1803.0,96.0,360.0,1.0,1,3428.0,0,1,0,1,0,0,1,0,0,0,1
0.0,4000,2500.0,140.0,360.0,1.0,1,6500.0,0,1,0,1,0,0,1,0,1,0,0
0.0,2000,0.0,146.41216216216216,360.0,1.0,0,2000.0,0,1,0,0,1,0,1,0,0,0,1
0.0,3762,1666.0,135.0,360.0,1.0,1,5428.0,1,0,0,1,0,0,1,0,1,0,0
0.0,2400,1863.0,104.0,360.0,0.0,0,4263.0,1,0,0,1,0,0,1,0,0,0,1
0.0,20233,0.0,480.0,360.0,1.0,0,20233.0,0,1,0,1,0,0,1,0,1,0,0
0.0,2917,0.0,84.0,360.0,1.0,1,2917.0,1,0,0,1,0,0,1,0,0,1,0
0.0,2927,2405.0,111.0,360.0,1.0,1,5332.0,0,1,0,0,1,0,1,0,0,1,0
0.0,2507,0.0,56.0,360.0,1.0,1,2507.0,1,0,0,1,0,0,1,0,1,0,0
0.0,2473,1843.0,159.0,360.0,1.0,0,4316.0,0,0,1,1,0,0,1,0,1,0,0
1.0,3399,1640.0,111.0,180.0,1.0,1,5039.0,0,1,0,0,1,0,1,0,0,0,1
2.0,3717,0.0,120.0,360.0,1.0,1,3717.0,0,1,0,1,0,0,1,0,0,1,0
1.0,10000,0.0,155.0,360.0,1.0,0,10000.0,0,1,0,1,0,0,0,1,1,0,0
0.0,2400,2167.0,115.0,360.0,1.0,1,4567.0,0,1,0,1,0,0,1,0,0,1,0
3.0,4342,189.0,124.0,360.0,1.0,1,4531.0,0,1,0,1,0,0,1,0,0,1,0
2.0,3601,1590.0,146.41216216216216,360.0,1.0,1,5191.0,0,1,0,0,1,0,1,0,1,0,0
3.0,15000,0.0,300.0,360.0,1.0,1,15000.0,0,1,0,1,0,0,1,0,1,0,0
1.0,8666,4983.0,376.0,360.0,0.0,0,13649.0,0,1,0,1,0,0,0,1,1,0,0
0.0,4917,0.0,130.0,360.0,0.0,1,4917.0,0,1,0,1,0,0,1,0,1,0,0
0.0,5818,2160.0,184.0,360.0,1.0,1,7978.0,0,1,0,1,0,0,0,1,0,1,0
0.0,4333,2451.0,110.0,360.0,1.0,0,6784.0,1,0,0,1,0,0,1,0,0,0,1
0.0,2500,0.0,67.0,360.0,1.0,1,2500.0,1,0,0,1,0,0,1,0,0,0,1
1.0,4384,1793.0,117.0,360.0,1.0,1,6177.0,0,1,0,1,0,0,1,0,0,0,1
0.0,2935,0.0,98.0,360.0,1.0,1,2935.0,0,1,0,1,0,0,1,0,0,1,0
0.0,2833,0.0,71.0,360.0,1.0,1,2833.0,0,1,0,1,0,0,1,0,0,0,1
0.0,63337,0.0,490.0,180.0,1.0,1,63337.0,0,1,0,1,0,1,0,0,0,0,1
1.0,9833,1833.0,182.0,180.0,1.0,1,11666.0,0,0,1,1,0,0,0,1,0,0,1
0.0,5503,4490.0,70.0,360.0,1.0,1,9993.0,0,1,0,1,0,0,0,1,0,1,0
1.0,5250,688.0,160.0,360.0,1.0,1,5938.0,0,1,0,1,0,1,0,0,1,0,0
2.0,2500,4600.0,176.0,360.0,1.0,1,7100.0,0,1,0,1,0,0,0,1,1,0,0
3.0,1830,0.0,146.41216216216216,360.0,0.0,0,1830.0,1,0,0,0,1,0,1,0,0,0,1
0.0,4160,0.0,71.0,360.0,1.0,1,4160.0,1,0,0,1,0,0,1,0,0,1,0
3.0,2647,1587.0,173.0,360.0,1.0,0,4234.0,0,1,0,0,1,0,1,0,1,0,0
0.0,2378,0.0,46.0,360.0,1.0,0,2378.0,1,0,0,1,0,0,1,0,1,0,0
1.0,4554,1229.0,158.0,360.0,1.0,1,5783.0,0,1,0,0,1,0,1,0,0,0,1
3.0,3173,0.0,74.0,360.0,1.0,1,3173.0,0,1,0,0,1,0,1,0,0,1,0
2.0,2583,2330.0,125.0,360.0,1.0,1,4913.0,0,1,0,1,0,1,0,0,1,0,0
0.0,2499,2458.0,160.0,360.0,1.0,1,4957.0,0,1,0,1,0,0,1,0,0,1,0
0.0,3523,3230.0,152.0,360.0,0.0,0,6753.0,0,1,0,0,1,0,1,0,1,0,0
2.0,3083,2168.0,126.0,360.0,1.0,1,5251.0,0,1,0,0,1,0,1,0,0,0,1
0.0,2625,6250.0,187.0,360.0,1.0,1,8875.0,0,1,0,1,0,0,1,0,1,0,0
0.0,9083,0.0,228.0,360.0,1.0,1,9083.0,0,1,0,1,0,0,1,0,0,1,0
0.0,8750,4167.0,308.0,360.0,1.0,0,12917.0,0,1,0,1,0,0,1,0,1,0,0
3.0,2666,2083.0,95.0,360.0,1.0,1,4749.0,0,1,0,1,0,0,1,0,1,0,0
0.0,5500,0.0,105.0,360.0,0.0,0,5500.0,1,0,0,1,0,0,0,1,1,0,0
0.0,2423,505.0,130.0,360.0,1.0,1,2928.0,1,0,0,1,0,0,1,0,0,1,0
0.0,3813,0.0,116.0,180.0,1.0,1,3813.0,1,0,0,1,0,0,1,0,0,0,1
2.0,8333,3167.0,165.0,360.0,1.0,1,11500.0,0,1,0,1,0,0,1,0,1,0,0
1.0,3875,0.0,67.0,360.0,1.0,0,3875.0,0,1,0,1,0,0,1,0,0,0,1
0.0,3000,1666.0,100.0,480.0,0.0,0,4666.0,0,1,0,0,1,0,1,0,0,0,1
3.0,5167,3167.0,200.0,360.0,1.0,1,8334.0,0,1,0,1,0,0,1,0,0,1,0
1.0,4723,0.0,81.0,360.0,1.0,0,4723.0,1,0,0,1,0,0,1,0,0,1,0
2.0,5000,3667.0,236.0,360.0,1.0,1,8667.0,0,1,0,1,0,0,1,0,0,1,0
0.0,4750,2333.0,130.0,360.0,1.0,1,7083.0,0,1,0,1,0,0,1,0,0,0,1
0.0,6822,0.0,141.0,360.0,1.0,1,6822.0,0,1,0,1,0,0,0,1,1,0,0
0.0,6216,0.0,133.0,360.0,1.0,0,6216.0,0,1,0,0,1,0,1,0,1,0,0
0.0,2500,0.0,96.0,480.0,1.0,0,2500.0,0,1,0,1,0,0,1,0,0,1,0
0.0,5124,0.0,124.0,360.0,0.0,0,5124.0,0,1,0,1,0,0,1,0,1,0,0
1.0,6325,0.0,175.0,360.0,1.0,1,6325.0,0,1,0,1,0,0,1,0,0,1,0
0.0,19730,5266.0,570.0,360.0,1.0,0,24996.0,0,1,0,1,0,0,1,0,1,0,0
0.0,15759,0.0,55.0,360.0,1.0,1,15759.0,1,0,0,1,0,0,0,1,0,1,0
2.0,5185,0.0,155.0,360.0,1.0,1,5185.0,0,1,0,1,0,0,1,0,0,1,0
2.0,9323,7873.0,380.0,300.0,1.0,1,17196.0,0,1,0,1,0,0,0,1,1,0,0
1.0,3062,1987.0,111.0,180.0,0.0,0,5049.0,0,1,0,1,0,0,1,0,0,0,1
0.0,2764,1459.0,110.0,360.0,1.0,1,4223.0,1,0,0,1,0,1,0,0,0,0,1
0.0,4817,923.0,120.0,180.0,1.0,1,5740.0,0,1,0,1,0,0,1,0,0,0,1
3.0,8750,4996.0,130.0,360.0,1.0,1,13746.0,0,1,0,1,0,0,1,0,1,0,0
0.0,3069,0.0,71.0,480.0,1.0,0,3069.0,0,1,0,1,0,0,1,0,0,0,1
2.0,5391,0.0,130.0,360.0,1.0,1,5391.0,0,1,0,1,0,0,1,0,0,0,1
0.0,3333,2500.0,128.0,360.0,1.0,1,5833.0,0,1,0,1,0,1,0,0,0,1,0
0.0,5941,4232.0,296.0,360.0,1.0,1,10173.0,0,1,0,1,0,0,1,0,0,1,0
0.0,6000,0.0,156.0,360.0,1.0,1,6000.0,1,0,0,1,0,0,1,0,0,0,1
0.0,7167,0.0,128.0,360.0,1.0,1,7167.0,0,1,0,1,0,0,0,1,0,0,1
2.0,4566,0.0,100.0,360.0,1.0,0,4566.0,0,1,0,1,0,0,1,0,0,0,1
1.0,3667,0.0,113.0,180.0,1.0,1,3667.0,0,1,0,1,0,1,0,0,0,0,1
0.0,2346,1600.0,132.0,360.0,1.0,1,3946.0,0,1,0,0,1,0,1,0,0,1,0
0.0,3010,3136.0,146.41216216216216,360.0,0.0,0,6146.0,0,1,0,0,1,0,1,0,0,0,1
0.0,2333,2417.0,136.0,360.0,1.0,1,4750.0,0,1,0,1,0,0,1,0,0,0,1
0.0,5488,0.0,125.0,360.0,1.0,1,5488.0,0,1,0,1,0,0,1,0,1,0,0
3.0,9167,0.0,185.0,360.0,1.0,1,9167.0,0,1,0,1,0,0,1,0,1,0,0
3.0,9504,0.0,275.0,360.0,1.0,1,9504.0,0,1,0,1,0,0,1,0,1,0,0
2.0,1993,1625.0,113.0,180.0,1.0,1,3618.0,0,1,0,0,1,0,1,0,0,1,0
2.0,3100,1400.0,113.0,360.0,1.0,1,4500.0,0,1,0,1,0,0,1,0,0,0,1
0.0,3180,0.0,71.0,360.0,0.0,0,3180.0,1,0,0,1,0,0,1,0,0,0,1
0.0,3033,1459.0,95.0,360.0,1.0,1,4492.0,0,1,0,1,0,0,1,0,0,0,1
0.0,3902,1666.0,109.0,360.0,1.0,1,5568.0,0,1,0,0,1,0,1,0,1,0,0
0.0,1500,1800.0,103.0,360.0,0.0,0,3300.0,1,0,0,1,0,0,1,0,0,1,0
2.0,2889,0.0,45.0,180.0,0.0,0,2889.0,0,1,0,0,1,0,1,0,0,0,1
0.0,2755,0.0,65.0,300.0,1.0,0,2755.0,0,1,0,0,1,0,1,0,1,0,0
0.0,2500,20000.0,103.0,360.0,1.0,1,22500.0,0,1,0,1,0,0,1,0,0,1,0
0.0,1963,0.0,53.0,360.0,1.0,1,1963.0,1,0,0,0,1,0,1,0,0,1,0
0.0,7441,0.0,194.0,360.0,1.0,0,7441.0,1,0,0,1,0,0,0,1,1,0,0
0.0,4547,0.0,115.0,360.0,1.0,1,4547.0,1,0,0,1,0,0,1,0,0,1,0
0.0,2167,2400.0,115.0,360.0,1.0,1,4567.0,0,1,0,0,1,0,1,0,0,0,1
0.0,2213,0.0,66.0,360.0,1.0,1,2213.0,1,0,0,0,1,0,1,0,1,0,0
1.0,8300,0.0,152.0,300.0,0.0,0,8300.0,0,1,0,1,0,0,1,0,0,1,0
3.0,81000,0.0,360.0,360.0,0.0,0,81000.0,0,1,0,1,0,0,1,0,1,0,0
1.0,3867,0.0,62.0,360.0,1.0,0,3867.0,1,0,0,0,1,0,0,1,0,1,0
0.0,6096,0.0,218.0,360.0,0.0,0,6096.0,0,1,0,0,1,0,1,0,1,0,0
0.0,2253,2033.0,110.0,360.0,1.0,1,4286.0,0,1,0,0,1,0,1,0,1,0,0
0.0,2149,3237.0,178.0,360.0,0.0,0,5386.0,1,0,0,0,1,0,1,0,0,1,0
0.0,2995,0.0,60.0,360.0,1.0,1,2995.0,1,0,0,1,0,0,1,0,0,0,1
1.0,2600,0.0,160.0,360.0,1.0,0,2600.0,1,0,0,1,0,0,1,0,0,0,1
2.0,1600,20000.0,239.0,360.0,1.0,0,21600.0,0,1,0,1,0,0,0,1,0,0,1
0.0,1025,2773.0,112.0,360.0,1.0,1,3798.0,0,1,0,1,0,0,1,0,1,0,0
0.0,3246,1417.0,138.0,360.0,1.0,1,4663.0,0,1,0,1,0,0,1,0,0,1,0
0.0,5829,0.0,138.0,360.0,1.0,1,5829.0,0,1,0,1,0,0,1,0,1,0,0
0.0,2720,0.0,80.0,360.0,0.0,0,2720.0,1,0,0,0,1,0,1,0,0,0,1
0.0,1820,1719.0,100.0,360.0,1.0,1,3539.0,0,1,0,1,0,0,1,0,0,0,1
1.0,7250,1667.0,110.0,360.0,0.0,0,8917.0,0,1,0,1,0,0,1,0,0,0,1
0.0,14880,0.0,96.0,360.0,1.0,1,14880.0,0,1,0,1,0,0,1,0,0,1,0
0.0,2666,4300.0,121.0,360.0,1.0,1,6966.0,0,1,0,1,0,0,1,0,1,0,0
1.0,4606,0.0,81.0,360.0,1.0,0,4606.0,1,0,0,0,1,0,1,0,1,0,0
2.0,5935,0.0,133.0,360.0,1.0,1,5935.0,0,1,0,1,0,0,1,0,0,1,0
0.0,2920,16.12000084,87.0,360.0,1.0,1,2936.12000084,0,1,0,1,0,0,1,0,1,0,0
0.0,2717,0.0,60.0,180.0,1.0,1,2717.0,0,1,0,0,1,0,1,0,0,0,1
1.0,8624,0.0,150.0,360.0,1.0,1,8624.0,1,0,0,1,0,0,0,1,0,1,0
0.0,6500,0.0,105.0,360.0,0.0,0,6500.0,0,1,0,1,0,0,1,0,1,0,0
0.0,12876,0.0,405.0,360.0,1.0,1,12876.0,0,1,0,1,0,1,0,0,0,1,0
0.0,2425,2340.0,143.0,360.0,1.0,1,4765.0,0,1,0,1,0,0,1,0,0,1,0
0.0,3750,0.0,100.0,360.0,1.0,1,3750.0,0,1,0,1,0,0,1,0,0,0,1
0.0,10047,0.0,146.41216216216216,240.0,1.0,1,10047.0,1,0,0,1,0,0,1,0,0,1,0
0.0,1926,1851.0,50.0,360.0,1.0,1,3777.0,0,1,0,1,0,0,1,0,0,1,0
0.0,2213,1125.0,146.41216216216216,360.0,1.0,1,3338.0,0,1,0,1,0,0,1,0,0,0,1
0.0,10416,0.0,187.0,360.0,0.0,0,10416.0,0,1,0,1,0,0,0,1,0,0,1
0.0,7142,0.0,138.0,360.0,1.0,1,7142.0,1,0,0,0,1,0,0,1,1,0,0
0.0,3660,5064.0,187.0,360.0,1.0,1,8724.0,0,1,0,1,0,0,1,0,0,1,0
0.0,7901,1833.0,180.0,360.0,1.0,1,9734.0,0,1,0,1,0,0,1,0,1,0,0
3.0,4707,1993.0,148.0,360.0,1.0,1,6700.0,0,1,0,0,1,0,1,0,0,1,0
1.0,37719,0.0,152.0,360.0,1.0,1,37719.0,0,1,0,1,0,0,1,0,0,1,0
1.0,3466,1210.0,130.0,360.0,1.0,1,4676.0,0,1,0,1,0,0,0,1,1,0,0
2.0,4652,0.0,110.0,360.0,1.0,1,4652.0,0,1,0,0,1,0,1,0,1,0,0
0.0,3539,1376.0,55.0,360.0,1.0,0,4915.0,0,1,0,1,0,1,0,0,1,0,0
2.0,3340,1710.0,150.0,360.0,0.0,0,5050.0,0,1,0,1,0,0,1,0,1,0,0
2.0,2309,1255.0,125.0,360.0,0.0,0,3564.0,0,1,0,0,1,0,1,0,1,0,0
0.0,3948,1733.0,149.0,360.0,0.0,0,5681.0,0,1,0,1,0,0,1,0,1,0,0
0.0,2483,2466.0,90.0,180.0,0.0,1,4949.0,0,1,0,1,0,0,1,0,1,0,0
0.0,7085,0.0,84.0,360.0,1.0,1,7085.0,0,1,0,1,0,0,0,1,0,1,0
2.0,3859,0.0,96.0,360.0,1.0,1,3859.0,0,1,0,1,0,0,1,0,0,1,0
0.0,4301,0.0,118.0,360.0,1.0,1,4301.0,0,1,0,1,0,0,1,0,0,0,1
0.0,3708,2569.0,173.0,360.0,1.0,0,6277.0,0,1,0,1,0,0,1,0,0,0,1
2.0,4354,0.0,136.0,360.0,1.0,1,4354.0,0,1,0,1,0,0,1,0,1,0,0
0.0,8334,0.0,160.0,360.0,1.0,0,8334.0,0,1,0,1,0,0,1,0,0,1,0
3.0,7740,0.0,128.0,180.0,1.0,1,7740.0,0,1,0,1,0,0,1,0,0,0,1
0.0,3015,2188.0,153.0,360.0,1.0,1,5203.0,0,1,0,1,0,0,1,0,1,0,0
1.0,5191,0.0,132.0,360.0,1.0,1,5191.0,1,0,0,0,1,1,0,0,0,1,0
0.0,4166,0.0,98.0,360.0,0.0,0,4166.0,0,1,0,1,0,0,1,0,0,1,0
0.0,6000,0.0,140.0,360.0,1.0,1,6000.0,0,1,0,1,0,0,1,0,1,0,0
3.0,2947,1664.0,70.0,180.0,0.0,0,4611.0,0,1,0,0,1,0,1,0,0,0,1
0.0,16692,0.0,110.0,360.0,1.0,1,16692.0,0,0,1,1,0,0,1,0,0,1,0
2.0,210,2917.0,98.0,360.0,1.0,1,3127.0,1,0,0,0,1,1,0,0,0,1,0
0.0,4333,2451.0,110.0,360.0,1.0,0,6784.0,0,1,0,1,0,0,1,0,0,0,1
1.0,3450,2079.0,162.0,360.0,1.0,1,5529.0,0,1,0,1,0,0,0,1,0,1,0
1.0,2653,1500.0,113.0,180.0,0.0,0,4153.0,0,1,0,0,1,0,1,0,1,0,0
3.0,4691,0.0,100.0,360.0,1.0,1,4691.0,0,1,0,1,0,0,1,0,0,1,0
2.0,5532,4648.0,162.0,360.0,1.0,1,10180.0,0,1,0,1,0,0,1,0,1,0,0
2.0,16525,1014.0,150.0,360.0,1.0,1,17539.0,0,1,0,1,0,0,0,1,1,0,0
2.0,6700,1750.0,230.0,300.0,1.0,1,8450.0,0,1,0,1,0,0,1,0,0,1,0
2.0,2873,1872.0,132.0,360.0,0.0,0,4745.0,0,0,1,1,0,0,1,0,0,1,0
1.0,16667,2250.0,86.0,360.0,1.0,1,18917.0,0,1,0,1,0,0,0,1,0,1,0
2.0,2947,1603.0,146.41216216216216,360.0,1.0,0,4550.0,0,1,0,1,0,0,1,0,0,0,1
0.0,4350,0.0,154.0,360.0,1.0,1,4350.0,1,0,0,0,1,0,1,0,1,0,0
3.0,3095,0.0,113.0,360.0,1.0,1,3095.0,0,1,0,0,1,0,1,0,1,0,0
0.0,2083,3150.0,128.0,360.0,1.0,1,5233.0,0,1,0,1,0,0,1,0,0,1,0
0.0,10833,0.0,234.0,360.0,1.0,1,10833.0,0,1,0,1,0,0,1,0,0,1,0
2.0,8333,0.0,246.0,360.0,1.0,1,8333.0,0,1,0,1,0,0,1,0,0,1,0
1.0,1958,2436.0,131.0,360.0,1.0,1,4394.0,0,1,0,0,1,0,1,0,1,0,0
2.0,3547,0.0,80.0,360.0,0.0,0,3547.0,0,1,0,1,0,0,1,0,1,0,0
1.0,18333,0.0,500.0,360.0,1.0,0,18333.0,0,1,0,1,0,0,1,0,0,0,1
2.0,4583,2083.0,160.0,360.0,1.0,1,6666.0,0,1,0,1,0,0,0,1,0,1,0
0.0,2435,0.0,75.0,360.0,1.0,0,2435.0,0,1,0,1,0,0,1,0,0,0,1
0.0,3691,0.0,110.0,360.0,1.0,1,3691.0,0,1,0,0,1,0,1,0,1,0,0
0.0,17263,0.0,225.0,360.0,1.0,1,17263.0,1,0,0,0,1,0,0,1,0,1,0
0.0,3597,2157.0,119.0,360.0,0.0,0,5754.0,0,1,0,1,0,0,1,0,1,0,0
1.0,3326,913.0,105.0,84.0,1.0,1,4239.0,1,0,0,1,0,0,1,0,0,1,0
0.0,2600,1700.0,107.0,360.0,1.0,1,4300.0,0,1,0,0,1,0,1,0,1,0,0
1.0,2895,0.0,95.0,360.0,1.0,1,2895.0,0,1,0,1,0,0,0,1,0,1,0
0.0,6283,4416.0,209.0,360.0,0.0,0,10699.0,0,1,0,1,0,0,1,0,1,0,0
0.0,645,3683.0,113.0,480.0,1.0,1,4328.0,1,0,0,1,0,0,1,0,1,0,0
0.0,3159,0.0,100.0,360.0,1.0,1,3159.0,1,0,0,1,0,0,1,0,0,1,0
2.0,4865,5624.0,208.0,360.0,1.0,1,10489.0,0,1,0,1,0,0,1,0,0,1,0
0.0,3814,1483.0,124.0,300.0,1.0,1,5297.0,0,1,0,0,1,0,1,0,0,1,0
2.0,3510,4416.0,243.0,360.0,1.0,1,7926.0,0,1,0,1,0,0,1,0,1,0,0
0.0,3583,0.0,96.0,360.0,1.0,0,3583.0,0,0,1,1,0,0,1,0,0,0,1
0.0,2479,3013.0,188.0,360.0,1.0,1,5492.0,0,1,0,1,0,0,0,1,0,0,1
1.0,13262,0.0,40.0,360.0,1.0,1,13262.0,1,0,0,1,0,0,1,0,0,0,1
0.0,3598,1287.0,100.0,360.0,1.0,0,4885.0,0,1,0,0,1,0,1,0,1,0,0
1.0,6065,2004.0,250.0,360.0,1.0,1,8069.0,0,1,0,1,0,0,1,0,0,1,0
2.0,3283,2035.0,148.0,360.0,1.0,1,5318.0,0,1,0,1,0,0,1,0,0,0,1
0.0,2130,6666.0,70.0,180.0,1.0,0,8796.0,0,1,0,1,0,0,1,0,0,1,0
0.0,5815,3666.0,311.0,360.0,1.0,0,9481.0,0,1,0,1,0,0,1,0,1,0,0
3.0,3466,3428.0,150.0,360.0,1.0,1,6894.0,0,1,0,1,0,0,1,0,1,0,0
2.0,2031,1632.0,113.0,480.0,1.0,1,3663.0,1,0,0,1,0,0,1,0,0,1,0
0.0,3074,1800.0,123.0,360.0,0.0,0,4874.0,0,1,0,0,1,0,1,0,0,1,0
0.0,4683,1915.0,185.0,360.0,1.0,0,6598.0,0,1,0,1,0,0,1,0,0,1,0
0.0,3400,0.0,95.0,360.0,1.0,0,3400.0,1,0,0,0,1,0,1,0,1,0,0
2.0,2192,1742.0,45.0,360.0,1.0,1,3934.0,0,1,0,0,1,0,1,0,0,1,0
0.0,2500,0.0,55.0,360.0,1.0,1,2500.0,0,1,0,1,0,0,1,0,0,1,0
3.0,5677,1424.0,100.0,360.0,1.0,1,7101.0,0,1,0,1,0,0,0,1,1,0,0
2.0,7948,7166.0,480.0,360.0,1.0,1,15114.0,0,1,0,1,0,0,0,1,1,0,0
0.0,4680,2087.0,146.41216216216216,360.0,1.0,0,6767.0,0,1,0,1,0,0,1,0,0,1,0
2.0,17500,0.0,400.0,360.0,1.0,1,17500.0,0,1,0,1,0,0,0,1,1,0,0
0.0,3775,0.0,110.0,360.0,1.0,1,3775.0,0,1,0,1,0,0,1,0,0,1,0
1.0,5285,1430.0,161.0,360.0,0.0,1,6715.0,0,1,0,0,1,0,1,0,0,1,0
1.0,2679,1302.0,94.0,360.0,1.0,1,3981.0,0,1,0,0,1,0,1,0,0,1,0
0.0,6783,0.0,130.0,360.0,1.0,1,6783.0,0,1,0,0,1,0,1,0,0,1,0
3.0,4281,0.0,100.0,360.0,1.0,1,4281.0,0,1,0,1,0,0,1,0,0,0,1
2.0,3588,0.0,110.0,360.0,0.0,0,3588.0,0,1,0,1,0,0,1,0,1,0,0
0.0,18165,0.0,125.0,360.0,1.0,1,18165.0,1,0,0,0,1,0,0,1,0,0,1
0.0,2550,2042.0,126.0,360.0,1.0,1,4592.0,0,1,0,0,1,1,0,0,1,0,0
0.0,6133,3906.0,324.0,360.0,1.0,1,10039.0,0,1,0,1,0,0,1,0,0,0,1
2.0,3617,0.0,107.0,360.0,1.0,1,3617.0,0,1,0,1,0,0,1,0,0,1,0
0.0,2917,536.0,66.0,360.0,1.0,0,3453.0,0,1,0,0,1,0,1,0,1,0,0
3.0,6417,0.0,157.0,180.0,1.0,1,6417.0,0,1,0,1,0,0,1,0,1,0,0
1.0,4608,2845.0,140.0,180.0,1.0,1,7453.0,1,0,0,1,0,0,1,0,0,1,0
0.0,2138,0.0,99.0,360.0,0.0,0,2138.0,1,0,0,1,0,0,1,0,0,1,0
1.0,3652,0.0,95.0,360.0,1.0,1,3652.0,1,0,0,1,0,1,0,0,0,1,0
1.0,2239,2524.0,128.0,360.0,1.0,1,4763.0,0,1,0,0,1,0,1,0,0,0,1
0.0,2768,1950.0,155.0,360.0,1.0,1,4718.0,0,1,0,1,0,0,1,0,1,0,0
0.0,3358,0.0,80.0,36.0,1.0,0,3358.0,0,1,0,0,1,0,1,0,0,1,0
0.0,2526,1783.0,145.0,360.0,1.0,1,4309.0,0,1,0,1,0,0,1,0,1,0,0
0.0,5000,0.0,103.0,360.0,0.0,0,5000.0,1,0,0,1,0,0,1,0,0,1,0
0.0,2785,2016.0,110.0,360.0,1.0,1,4801.0,0,1,0,1,0,0,1,0,1,0,0
2.0,6633,0.0,146.41216216216216,360.0,0.0,0,6633.0,0,1,0,1,0,0,0,1,1,0,0
1.0,2492,2375.0,146.41216216216216,360.0,1.0,1,4867.0,0,1,0,0,1,0,1,0,1,0,0
1.0,3333,3250.0,158.0,360.0,1.0,1,6583.0,0,1,0,1,0,0,1,0,0,0,1
0.0,2454,2333.0,181.0,360.0,0.0,0,4787.0,0,1,0,0,1,0,1,0,0,0,1
0.0,3593,4266.0,132.0,180.0,0.0,0,7859.0,0,1,0,1,0,0,1,0,1,0,0
1.0,5468,1032.0,26.0,360.0,1.0,1,6500.0,0,1,0,1,0,0,1,0,0,1,0
3.0,10139,0.0,260.0,360.0,1.0,1,10139.0,0,1,0,1,0,0,0,1,0,1,0
0.0,3887,2669.0,162.0,360.0,1.0,1,6556.0,0,1,0,1,0,0,1,0,0,1,0
0.0,4180,2306.0,182.0,360.0,1.0,1,6486.0,1,0,0,1,0,0,1,0,0,1,0
2.0,3675,242.0,108.0,360.0,1.0,1,3917.0,0,1,0,0,1,0,1,0,0,1,0
1.0,19484,0.0,600.0,360.0,1.0,1,19484.0,1,0,0,1,0,0,0,1,0,1,0
0.0,5923,2054.0,211.0,360.0,1.0,1,7977.0,0,1,0,1,0,0,1,0,1,0,0
0.0,5800,0.0,132.0,360.0,1.0,1,5800.0,0,1,0,0,1,0,0,1,0,1,0
2.0,8799,0.0,258.0,360.0,0.0,0,8799.0,0,1,0,1,0,0,1,0,0,0,1
0.0,3333,0.0,70.0,360.0,1.0,1,3333.0,0,1,0,1,0,0,1,0,0,0,1
3.0,3400,2500.0,123.0,360.0,0.0,0,5900.0,0,1,0,1,0,0,1,0,1,0,0
0.0,2378,0.0,9.0,360.0,1.0,0,2378.0,1,0,0,1,0,0,1,0,0,0,1
0.0,3166,2064.0,104.0,360.0,0.0,0,5230.0,0,1,0,1,0,0,1,0,0,0,1
1.0,3417,1750.0,186.0,360.0,1.0,1,5167.0,0,1,0,1,0,0,1,0,0,0,1
0.0,5116,1451.0,165.0,360.0,0.0,0,6567.0,0,1,0,1,0,0,1,0,0,0,1
2.0,16666,0.0,275.0,360.0,1.0,1,16666.0,0,1,0,1,0,0,1,0,0,0,1
2.0,6125,1625.0,187.0,480.0,1.0,0,7750.0,0,1,0,0,1,0,1,0,0,1,0
3.0,6406,0.0,150.0,360.0,1.0,0,6406.0,0,1,0,1,0,0,1,0,0,1,0
2.0,3159,461.0,108.0,84.0,1.0,1,3620.0,0,1,0,1,0,0,1,0,0,0,1
0.0,3087,2210.0,136.0,360.0,0.0,0,5297.0,0,0,1,1,0,0,1,0,0,1,0
0.0,3229,2739.0,110.0,360.0,1.0,1,5968.0,0,1,0,1,0,0,1,0,0,0,1
1.0,1782,2232.0,107.0,360.0,1.0,1,4014.0,0,1,0,1,0,0,1,0,1,0,0
0.0,3182,2917.0,161.0,360.0,1.0,1,6099.0,0,1,0,1,0,1,0,0,0,0,1
2.0,6540,0.0,205.0,360.0,1.0,1,6540.0,0,1,0,1,0,0,1,0,0,1,0
0.0,1836,33837.0,90.0,360.0,1.0,0,35673.0,0,1,0,1,0,0,1,0,0,0,1
0.0,3166,0.0,36.0,360.0,1.0,1,3166.0,1,0,0,1,0,0,1,0,0,1,0
1.0,2787,1917.0,146.0,360.0,0.0,0,4704.0,0,1,0,1,0,0,1,0,1,0,0
1.0,4283,3000.0,172.0,84.0,1.0,0,7283.0,0,1,0,1,0,0,1,0,1,0,0
0.0,2297,1522.0,104.0,360.0,1.0,1,3819.0,0,1,0,1,0,0,1,0,0,0,1
0.0,2165,0.0,70.0,360.0,1.0,1,2165.0,1,0,0,0,1,0,1,0,0,1,0
0.0,4750,0.0,94.0,360.0,1.0,1,4750.0,0,0,1,1,0,0,1,0,0,1,0
2.0,2726,0.0,106.0,360.0,0.0,0,2726.0,0,1,0,1,0,0,0,1,0,1,0
0.0,3000,3416.0,56.0,180.0,1.0,1,6416.0,0,1,0,1,0,0,1,0,0,1,0
2.0,6000,0.0,205.0,240.0,1.0,0,6000.0,0,1,0,1,0,0,0,1,0,1,0
3.0,9357,0.0,292.0,360.0,1.0,1,9357.0,0,0,1,1,0,0,0,1,0,1,0
0.0,3859,3300.0,142.0,180.0,1.0,1,7159.0,0,1,0,1,0,0,1,0,1,0,0
0.0,16120,0.0,260.0,360.0,1.0,1,16120.0,0,1,0,1,0,0,0,1,0,0,1
0.0,3833,0.0,110.0,360.0,1.0,1,3833.0,0,1,0,0,1,0,1,0,1,0,0
2.0,6383,1000.0,187.0,360.0,1.0,0,7383.0,0,1,0,0,1,0,0,1,1,0,0
0.0,2987,0.0,88.0,360.0,0.0,0,2987.0,0,1,0,1,0,0,1,0,0,1,0
0.0,9963,0.0,180.0,360.0,1.0,1,9963.0,0,1,0,1,0,0,0,1,1,0,0
2.0,5780,0.0,192.0,360.0,1.0,1,5780.0,0,1,0,1,0,0,1,0,0,0,1
0.0,2894,2792.0,155.0,360.0,1.0,1,5686.0,0,1,0,0,1,1,0,0,1,0,0
3.0,5703,0.0,128.0,360.0,1.0,1,5703.0,0,1,0,1,0,0,1,0,0,0,1
0.0,3676,4301.0,172.0,360.0,1.0,1,7977.0,0,1,0,1,0,0,1,0,1,0,0
1.0,12000,0.0,496.0,360.0,1.0,1,12000.0,1,0,0,1,0,0,1,0,0,1,0
0.0,2400,3800.0,146.41216216216216,180.0,1.0,0,6200.0,0,1,0,0,1,0,1,0,0,0,1
1.0,3400,2500.0,173.0,360.0,1.0,1,5900.0,0,1,0,1,0,0,1,0,0,1,0
2.0,3987,1411.0,157.0,360.0,1.0,1,5398.0,0,1,0,0,1,0,1,0,1,0,0
0.0,3232,1950.0,108.0,360.0,1.0,1,5182.0,0,1,0,1,0,0,1,0,1,0,0
0.0,2900,0.0,71.0,360.0,1.0,1,2900.0,1,0,0,1,0,0,1,0,1,0,0
3.0,4106,0.0,40.0,180.0,1.0,1,4106.0,0,1,0,1,0,0,1,0,1,0,0
1.0,8072,240.0,253.0,360.0,1.0,1,8312.0,0,1,0,1,0,0,1,0,0,0,1
2.0,7583,0.0,187.0,360.0,1.0,1,7583.0,0,1,0,1,0,0,1,0,0,0,1
0.0,4583,0.0,133.0,360.0,0.0,0,4583.0,1,0,0,1,0,0,0,1,0,1,0
